{"accuracy": 0.8998387923170168, "precision": 0.836487037436746, "recall": 0.9668200465683557, "f1_score": 0.8969436693968343, "roc_auc": 0.9844846594510008}